StoreID,Campaign,Sales
1,Treatment,6373.5
2,Treatment,6267.54
3,Treatment,5732.96
4,Treatment,5339.9
5,Treatment,4535.91
6,Treatment,4812.58
7,Treatment,6379.96
8,Treatment,5730
9,Treatment,4101.16
10,Treatment,5208.78
12,Treatment,5314.68
13,Treatment,6694.01
14,Treatment,5603.94
15,Treatment,4683.25
16,Treatment,5249.93
17,Treatment,6606.29
18,Treatment,5560.7
19,Treatment,4214.99
20,Treatment,5837.14
21,Treatment,5456.9
22,Treatment,5290.23
23,Treatment,4729.1
24,Treatment,5836.05
25,Treatment,6363.36
26,Treatment,4069.41
27,Treatment,6201.67
28,Treatment,5103.2
29,Treatment,6972.32
30,Treatment,4235
31,Treatment,5015.85
32,Treatment,4898.99
33,Treatment,4228.45
34,Treatment,4341.16
35,Treatment,5325.3
36,Treatment,5281.9
37,Treatment,6513.04
38,Treatment,5219.42
39,Treatment,6010.59
40,Treatment,6564.8
41,Treatment,6036.14
42,Treatment,5220.95
43,Treatment,6764.28
44,Treatment,6466.92
45,Treatment,4535.61
46,Treatment,4772.14
47,Treatment,5099.58
48,Treatment,4046.22
49,Treatment,3985.56
50,Treatment,6248.8
51,Treatment,5078.35
52,Treatment,4293.01
53,Treatment,5925.49
54,Treatment,5110.38
55,Treatment,5880.29
56,Treatment,4851.05
57,Treatment,6889.14
58,Treatment,6862.21
59,Treatment,4999.35
60,Treatment,6742.1
61,Treatment,4507.19
62,Treatment,6061.09
63,Treatment,5442.43
64,Treatment,6123.45
65,Treatment,5847.03
66,Treatment,7018.48
67,Treatment,7342.39
68,Treatment,6150.86
69,Treatment,5725.29
70,Treatment,6503.93
71,Treatment,5068.55
72,Treatment,4660.1
73,Treatment,7262.8
74,Treatment,5906.51
75,Treatment,5187.02
76,Treatment,5228.02
77,Treatment,6694.2
78,Treatment,5369.89
79,Treatment,5481.33
80,Treatment,6036.81
81,Treatment,4635.51
82,Treatment,5292.1
83,Treatment,6247.89
84,Treatment,5637.23
85,Treatment,5270.88
86,Treatment,5701.83
87,Treatment,6468.72
88,Treatment,6502.87
89,Treatment,4751.81
90,Treatment,5053.09
91,Treatment,5188.25
92,Treatment,5058.49
93,Treatment,6408.44
94,Treatment,5767.11
95,Treatment,4631.46
96,Treatment,5360.05
97,Treatment,5152.99
98,Treatment,5738.75
99,Treatment,4996.22
100,Control,5400.24
101,Control,4620.92
102,Control,4855.81
103,Control,4873.38
104,Control,6124.2
105,Control,5695.48
106,Control,6281.43
107,Control,5117.44
108,Control,4833.27
109,Control,6975.41
110,Control,5169.87
111,Control,4954.41
112,Control,5102.99
113,Control,5859.56
114,Control,5619.38
115,Control,5420.11
116,Control,4750.07
117,Control,6259.14
118,Control,4282.37
119,Control,5456.08
120,Control,5140.59
121,Control,4090.64
122,Control,5861.68
123,Control,5109.59
124,Control,6360.08
125,Control,5636.66
126,Control,5457.88
127,Control,6425.89
128,Control,5230.48
129,Control,4965.81
130,Control,5673.32
131,Control,5323.94
132,Control,4259.36
133,Control,5504.82
134,Control,5653.57
135,Control,4689.98
136,Control,6333.04
137,Control,5479.31
138,Control,6311.99
139,Control,5135.32
140,Control,5490.11
141,Control,4916.92
142,Control,4771.8
143,Control,5341.21
144,Control,5519.01
145,Control,5752.66
146,Control,4114.77
147,Control,6176.73
148,Control,5293.89
149,Control,5360.36
150,Control,4888.61
151,Control,4222.64
152,Control,4980.9
153,Control,5347.07
154,Control,6379.82
155,Control,6774.95
156,Control,3875.94
157,Control,6164.01
158,Control,6302.21
159,Control,6634.39
160,Control,5633.81
161,Control,4407.57
162,Control,4639.61
163,Control,4687.63
164,Control,4950.86
165,Control,4801.41
166,Control,5091.6
167,Control,5657.06
168,Control,6371.98
169,Control,7190.42
170,Control,4988.5
171,Control,4831.99
172,Control,6771.05
173,Control,5610.82
174,Control,5428.58
175,Control,6234.19
176,Control,5565.95
177,Control,6430.39
178,Control,4466.89
179,Control,4507.69
180,Control,5680.19
181,Control,5354.77
182,Control,5613.65
183,Control,6372.7
184,Control,4137.77
185,Control,5530.49
186,Control,4607.56
187,Control,6332.94
188,Control,5650.61
189,Control,5318.42
190,Control,5095.1
191,Control,5291.86
192,Control,5803.98
193,Control,5464.8
194,Control,4417.33
195,Control,4131.01
196,Control,5184.38
197,Control,5606.05
198,Control,4903.49
199,Control,5422.12
200,Control,5832.75
1,Treatment,5936.47
2,Treatment,5850.91
3,Treatment,4940.43
4,Treatment,5510.28
5,Treatment,5170.5
6,Treatment,4841.51
7,Treatment,5279.92
8,Treatment,5506.98
9,Treatment,4419.69
10,Treatment,6639.42
12,Treatment,4811.95
13,Treatment,5545.27
14,Treatment,6530.05
15,Treatment,4323.5
16,Treatment,6103.72
17,Treatment,6557.75
18,Treatment,4409.25
19,Treatment,4737.99
20,Treatment,5978.09
21,Treatment,6010.16
22,Treatment,4509.11
23,Treatment,5495.75
24,Treatment,5958.88
25,Treatment,5203.95
26,Treatment,5023.71
27,Treatment,5520.57
28,Treatment,4184.3
29,Treatment,6289.99
30,Treatment,5325.49
31,Treatment,6345.28
32,Treatment,4660.62
33,Treatment,4963.35
34,Treatment,4802.8
35,Treatment,5712.21
36,Treatment,6418.84
37,Treatment,6369.14
38,Treatment,4528.88
39,Treatment,5840.16
40,Treatment,5354.76
41,Treatment,5593.26
42,Treatment,6185.26
43,Treatment,5345.14
44,Treatment,5286.5
45,Treatment,5161.7
46,Treatment,4215.35
47,Treatment,5797.32
48,Treatment,4440.87
49,Treatment,4785.5
50,Treatment,5080.76
51,Treatment,5223.73
52,Treatment,4768.2
53,Treatment,5907.04
54,Treatment,4663.11
55,Treatment,5102.82
56,Treatment,5128.44
57,Treatment,6815.04
58,Treatment,6014.76
59,Treatment,4341.23
60,Treatment,6001
61,Treatment,4091.12
62,Treatment,5106.88
63,Treatment,6440.12
64,Treatment,6578.24
65,Treatment,5129.5
66,Treatment,5958.68
67,Treatment,6523.54
68,Treatment,4860.87
69,Treatment,7119.38
70,Treatment,6625.11
71,Treatment,4413.3
72,Treatment,4073.23
73,Treatment,5979.54
74,Treatment,5866.2
75,Treatment,4631.41
76,Treatment,4734.13
77,Treatment,6719.79
78,Treatment,5552.48
79,Treatment,4721.7
80,Treatment,4874.37
81,Treatment,5724.59
82,Treatment,6512.96
83,Treatment,6342.02
84,Treatment,6389.37
85,Treatment,4998.65
86,Treatment,4962.92
87,Treatment,6865.47
88,Treatment,6529.85
89,Treatment,5737.36
90,Treatment,5809.8
91,Treatment,5483.82
92,Treatment,4614.27
93,Treatment,5688.68
94,Treatment,4346.74
95,Treatment,6172.24
96,Treatment,4250.75
97,Treatment,4869.06
98,Treatment,6198.65
99,Treatment,4801.95
100,Control,5368.83
101,Control,6072.17
102,Control,6581.16
103,Control,4344.96
104,Control,5348.47
105,Control,6647.68
106,Control,5381.36
107,Control,4757.87
108,Control,5980.91
109,Control,5845.75
110,Control,5074.88
111,Control,5281.07
112,Control,4932.9
113,Control,5015.59
114,Control,4472.62
115,Control,7131.73
116,Control,4761.31
117,Control,5934.51
118,Control,5602.42
119,Control,5303.05
120,Control,5264.97
121,Control,5049.63
122,Control,5883.63
123,Control,6403.05
124,Control,5265.87
125,Control,6535.1
126,Control,5889.52
127,Control,5364.66
128,Control,4622.07
129,Control,5928.95
130,Control,5927.24
131,Control,6287.42
132,Control,4096.59
133,Control,5353.17
134,Control,5710.39
135,Control,5110.41
136,Control,5469.26
137,Control,5744.64
138,Control,5722.2
139,Control,4727.99
140,Control,4837.43
141,Control,5512.49
142,Control,4663.98
143,Control,5776.88
144,Control,4722.92
145,Control,5410.37
146,Control,4528.45
147,Control,7060
148,Control,4942.91
149,Control,4243.87
150,Control,4631.79
151,Control,4605.11
152,Control,4719.72
153,Control,4738
154,Control,6643.38
155,Control,6267.3
156,Control,4256.36
157,Control,6079.23
158,Control,5085.05
159,Control,6878.11
160,Control,6891.95
161,Control,4336.33
162,Control,4005.93
163,Control,4575.71
164,Control,5773.02
165,Control,4904.3
166,Control,4225.39
167,Control,6424.13
168,Control,5939.78
169,Control,6796.27
170,Control,5468.4
171,Control,5278.59
172,Control,6756.59
173,Control,5020.43
174,Control,4708.43
175,Control,5591.12
176,Control,7014.54
177,Control,6195.3
178,Control,4800.82
179,Control,4288.02
180,Control,5772.25
181,Control,6205.04
182,Control,5469.16
183,Control,5340.5
184,Control,4445.72
185,Control,6175.36
186,Control,5470.55
187,Control,5699.22
188,Control,5009.41
189,Control,5387.89
190,Control,5542.4
191,Control,5220.66
192,Control,6020.74
193,Control,6416.59
194,Control,4342.81
195,Control,5012.68
196,Control,6418.86
197,Control,4545.42
198,Control,4775.66
199,Control,6484.08
200,Control,5997.68
1,Treatment,5375.07
2,Treatment,6268.51
3,Treatment,5651
4,Treatment,6265.68
5,Treatment,5730.82
6,Treatment,4831.71
7,Treatment,6324.89
8,Treatment,5447.76
9,Treatment,5200.7
10,Treatment,5716.37
12,Treatment,4976.7
13,Treatment,6284.97
14,Treatment,6578.16
15,Treatment,4779.54
16,Treatment,5390.76
17,Treatment,5461.95
18,Treatment,4427.51
19,Treatment,4986.08
20,Treatment,6904.47
21,Treatment,7035.24
22,Treatment,4479.19
23,Treatment,5684.97
24,Treatment,6617.63
25,Treatment,5712.78
26,Treatment,5032.95
27,Treatment,6780.06
28,Treatment,4785.69
29,Treatment,6523.27
30,Treatment,5098.06
31,Treatment,6541.4
32,Treatment,4672.34
33,Treatment,4562.41
34,Treatment,4446.5
35,Treatment,4753.55
36,Treatment,6183.56
37,Treatment,6965.12
38,Treatment,5675.85
39,Treatment,5859
40,Treatment,6577.47
41,Treatment,5384.64
42,Treatment,6813.95
43,Treatment,5445.11
44,Treatment,6027.08
45,Treatment,4841.29
46,Treatment,4762.56
47,Treatment,5422.05
48,Treatment,4427.88
49,Treatment,5035.82
50,Treatment,5702.06
51,Treatment,5487.1
52,Treatment,4285.11
53,Treatment,5759.39
54,Treatment,5343.5
55,Treatment,5035.96
56,Treatment,6425.36
57,Treatment,6069.68
58,Treatment,5783.77
59,Treatment,4897.22
60,Treatment,5474.42
61,Treatment,4367.89
62,Treatment,5755.15
63,Treatment,5337.1
64,Treatment,6540.88
65,Treatment,6046.55
66,Treatment,6452.26
67,Treatment,6221.32
68,Treatment,6058.16
69,Treatment,7172.39
70,Treatment,6830.26
71,Treatment,5453.71
72,Treatment,4420.11
73,Treatment,6473.8
74,Treatment,5677.58
75,Treatment,5218.31
76,Treatment,4985.6
77,Treatment,6132.37
78,Treatment,5224.25
79,Treatment,5312.17
80,Treatment,4746.65
81,Treatment,6228.36
82,Treatment,6573.26
83,Treatment,5443.73
84,Treatment,6901.39
85,Treatment,5374.49
86,Treatment,4788.36
87,Treatment,5739.29
88,Treatment,6954.84
89,Treatment,5421.44
90,Treatment,6361.8
91,Treatment,5917.52
92,Treatment,4758.41
93,Treatment,5625.47
94,Treatment,5897.47
95,Treatment,6040.89
96,Treatment,5521.03
97,Treatment,5449.13
98,Treatment,5970.47
99,Treatment,4721.88
100,Control,4198.9
101,Control,5647.01
102,Control,5404.19
103,Control,5006.03
104,Control,6657.69
105,Control,5758.02
106,Control,5645.96
107,Control,4575.86
108,Control,4915.18
109,Control,5659.41
110,Control,6071.36
111,Control,5084.3
112,Control,4560.29
113,Control,6001.06
114,Control,5820.59
115,Control,6783.65
116,Control,5647.34
117,Control,5974.08
118,Control,5590.44
119,Control,5718.89
120,Control,4737.93
121,Control,4210.57
122,Control,6548.18
123,Control,6622.03
124,Control,6701.37
125,Control,5430.42
126,Control,7119.09
127,Control,6060.88
128,Control,4242.95
129,Control,4994.31
130,Control,6159.18
131,Control,5949.34
132,Control,5286.43
133,Control,6141.62
134,Control,4956.72
135,Control,5902.26
136,Control,6215.35
137,Control,6318.48
138,Control,5673.72
139,Control,4974.09
140,Control,6049.62
141,Control,5298.41
142,Control,4827.82
143,Control,5525.37
144,Control,4715.81
145,Control,5710.23
146,Control,4064.24
147,Control,7297.49
148,Control,6199.74
149,Control,5278.68
150,Control,5058.76
151,Control,4128.83
152,Control,4407.62
153,Control,4996.2
154,Control,5522
155,Control,6299.55
156,Control,4671.46
157,Control,5731.33
158,Control,6001.56
159,Control,7013.74
160,Control,5378.79
161,Control,4196.88
162,Control,4684.88
163,Control,4907.88
164,Control,5829.08
165,Control,4438.71
166,Control,4445.5
167,Control,5833.97
168,Control,4912.58
169,Control,7186.68
170,Control,5640.62
171,Control,6308.56
172,Control,6359.91
173,Control,5910.54
174,Control,4948.99
175,Control,6316.05
176,Control,5871.41
177,Control,7178.13
178,Control,4468.05
179,Control,5340.64
180,Control,6268.9
181,Control,5502.56
182,Control,6174.49
183,Control,5627.15
184,Control,4884.23
185,Control,5690.55
186,Control,4791.5
187,Control,6073.62
188,Control,4791.53
189,Control,5219.41
190,Control,4869.57
191,Control,5114.91
192,Control,5493.62
193,Control,5797
194,Control,4546.22
195,Control,5590.56
196,Control,5211.59
197,Control,4761.78
198,Control,4593.48
199,Control,5883.51
200,Control,5260.73
1,Treatment,6080.16
2,Treatment,5291.65
3,Treatment,5008
4,Treatment,5259.46
5,Treatment,4615.42
6,Treatment,5043.56
7,Treatment,5904.9
8,Treatment,6425.85
9,Treatment,4522.6
10,Treatment,6567.76
12,Treatment,5008.53
13,Treatment,6454.26
14,Treatment,5307.47
15,Treatment,4130.02
16,Treatment,5657.53
17,Treatment,5892.24
18,Treatment,4362.11
19,Treatment,4581.63
20,Treatment,5993.7
21,Treatment,6317.72
22,Treatment,5370.6
23,Treatment,5680.96
24,Treatment,6486.54
25,Treatment,5701.56
26,Treatment,5170.14
27,Treatment,5295.62
28,Treatment,4506.23
29,Treatment,5680.32
30,Treatment,4395
31,Treatment,6321.52
32,Treatment,5588.78
33,Treatment,4411.05
34,Treatment,4635.31
35,Treatment,4635.73
36,Treatment,5752.55
37,Treatment,5189.78
38,Treatment,5210.8
39,Treatment,4855.34
40,Treatment,6427.21
41,Treatment,5619.52
42,Treatment,6586.08
43,Treatment,5942.83
44,Treatment,6239.52
45,Treatment,4379.34
46,Treatment,4211.23
47,Treatment,5134.58
48,Treatment,4133.63
49,Treatment,3969.91
50,Treatment,6208.17
51,Treatment,5069.1
52,Treatment,4931.46
53,Treatment,5929.26
54,Treatment,4467.84
55,Treatment,5349.65
56,Treatment,4903.97
57,Treatment,6422.01
58,Treatment,6265.99
59,Treatment,4719.54
60,Treatment,5366.13
61,Treatment,4372.76
62,Treatment,5251.22
63,Treatment,6114.54
64,Treatment,5480.38
65,Treatment,4977.92
66,Treatment,6177.24
67,Treatment,6756.95
68,Treatment,4769.17
69,Treatment,6712.32
70,Treatment,6012.2
71,Treatment,5411.87
72,Treatment,4796.46
73,Treatment,6547.45
74,Treatment,5626.51
75,Treatment,4466.91
76,Treatment,4174.07
77,Treatment,7015.68
78,Treatment,5086.62
79,Treatment,5254.68
80,Treatment,6001.97
81,Treatment,4946.97
82,Treatment,5177.3
83,Treatment,6211.02
84,Treatment,7023.59
85,Treatment,5684.96
86,Treatment,4536.88
87,Treatment,5438.23
88,Treatment,6237.76
89,Treatment,5759.16
90,Treatment,5719.13
91,Treatment,5623.63
92,Treatment,5314.7
93,Treatment,5819.8
94,Treatment,4443.67
95,Treatment,5675.65
96,Treatment,5143.5
97,Treatment,5003.35
98,Treatment,4780.16
99,Treatment,5396.58
100,Control,4179.85
101,Control,6140.71
102,Control,6272.73
103,Control,4906.55
104,Control,5514.03
105,Control,5152.59
106,Control,5570.23
107,Control,4888.73
108,Control,5393.31
109,Control,5788.72
110,Control,5210.28
111,Control,4814.2
112,Control,3947.76
113,Control,5922.53
114,Control,5425.04
115,Control,5785.85
116,Control,5238.63
117,Control,5894.7
118,Control,5165.66
119,Control,4475.65
120,Control,5083.41
121,Control,4000.09
122,Control,5372.34
123,Control,5275.63
124,Control,5617.6
125,Control,6914.49
126,Control,5922.41
127,Control,5317.73
128,Control,4774.64
129,Control,4422.81
130,Control,4733.49
131,Control,5999.42
132,Control,3957.58
133,Control,5365.12
134,Control,4898.73
135,Control,5931.1
136,Control,6202.92
137,Control,6535.25
138,Control,5908.89
139,Control,3896.07
140,Control,4465.46
141,Control,5706.47
142,Control,5147.46
143,Control,4530.32
144,Control,4050.45
145,Control,5136.36
146,Control,4526.65
147,Control,6735.79
148,Control,5428.71
149,Control,4403.83
150,Control,5115.88
151,Control,3935.56
152,Control,5285.44
153,Control,5211.02
154,Control,5890.12
155,Control,5825.44
156,Control,4233.69
157,Control,5828.56
158,Control,6532.96
159,Control,6107.17
160,Control,5063.86
161,Control,4398.35
162,Control,4151.19
163,Control,4962.25
164,Control,4773.63
165,Control,5208.98
166,Control,5121.71
167,Control,5459.41
168,Control,5131.3
169,Control,6334.09
170,Control,4838.02
171,Control,6065.09
172,Control,5801.51
173,Control,4344.08
174,Control,5618.29
175,Control,5218.79
176,Control,5959.1
177,Control,5623.54
178,Control,4793.56
179,Control,4391.63
180,Control,5827.14
181,Control,4645.15
182,Control,4452.57
183,Control,6160.85
184,Control,4336.83
185,Control,6801.42
186,Control,4444.54
187,Control,5833.33
188,Control,4921.06
189,Control,4798.43
190,Control,5449.59
191,Control,5930.52
192,Control,5947.68
193,Control,5162.44
194,Control,4610.72
195,Control,5246.64
196,Control,6344.92
197,Control,4281.1
198,Control,4262.79
199,Control,5593.6
200,Control,6137.37
1,Treatment,6199.45
2,Treatment,5721.18
3,Treatment,4341.35
4,Treatment,4654.29
5,Treatment,5082.16
6,Treatment,4320.81
7,Treatment,4382.31
8,Treatment,5246.28
9,Treatment,4765.21
10,Treatment,5945.06
12,Treatment,5481.72
13,Treatment,6320.34
14,Treatment,5349.33
15,Treatment,4268.99
16,Treatment,4476.48
17,Treatment,5825.72
18,Treatment,4858.81
19,Treatment,4574.65
20,Treatment,6798.72
21,Treatment,5324.66
22,Treatment,4356.56
23,Treatment,5185.58
24,Treatment,5585.72
25,Treatment,5974.8
26,Treatment,3943.41
27,Treatment,5458.35
28,Treatment,4292.27
29,Treatment,5346.32
30,Treatment,3841.9
31,Treatment,5375.32
32,Treatment,5193.6
33,Treatment,4301.98
34,Treatment,3741.78
35,Treatment,4433.84
36,Treatment,5184.14
37,Treatment,5691.6
38,Treatment,4392
39,Treatment,4943.43
40,Treatment,5555.59
41,Treatment,4955.21
42,Treatment,4402.06
43,Treatment,5229.85
44,Treatment,5451.56
45,Treatment,4107.58
46,Treatment,3899.74
47,Treatment,4015.09
48,Treatment,4540.92
49,Treatment,4084.82
50,Treatment,4330.89
51,Treatment,4588.15
52,Treatment,4296.62
53,Treatment,4943.36
54,Treatment,4656.92
55,Treatment,3768.71
56,Treatment,4889.66
57,Treatment,5982.54
58,Treatment,4833.35
59,Treatment,4613.28
60,Treatment,4955.65
61,Treatment,4774.24
62,Treatment,5240.04
63,Treatment,4587.02
64,Treatment,5340.96
65,Treatment,4583.1
66,Treatment,5968.07
67,Treatment,4774.18
68,Treatment,4136.29
69,Treatment,5100.51
70,Treatment,5037.86
71,Treatment,3691.97
72,Treatment,4617.7
73,Treatment,5179.58
74,Treatment,4819.11
75,Treatment,4485.61
76,Treatment,4639.04
77,Treatment,4654.63
78,Treatment,4338.42
79,Treatment,4716.82
80,Treatment,4978.01
81,Treatment,5150.82
82,Treatment,4831.86
83,Treatment,4437.59
84,Treatment,5859.29
85,Treatment,4913.64
86,Treatment,4662.35
87,Treatment,4752.61
88,Treatment,5288.31
89,Treatment,4233.28
90,Treatment,4526.4
91,Treatment,3932.33
92,Treatment,4590.62
93,Treatment,4622.59
94,Treatment,4881.7
95,Treatment,4240.05
96,Treatment,4253.55
97,Treatment,4269.5
98,Treatment,5151.07
99,Treatment,4490.77
100,Control,4089.54
101,Control,4826.81
102,Control,5918.31
103,Control,4052.05
104,Control,5302.74
105,Control,4499.9
106,Control,4521.91
107,Control,4855.02
108,Control,4410.93
109,Control,5340.17
110,Control,5917.81
111,Control,3962.85
112,Control,4349.64
113,Control,4612.72
114,Control,4451.2
115,Control,6251.39
116,Control,4443.95
117,Control,5285.89
118,Control,4413.39
119,Control,3865.99
120,Control,5308.51
121,Control,4103.77
122,Control,6227.18
123,Control,5327.65
124,Control,6154.6
125,Control,5620.53
126,Control,6515.13
127,Control,4935.32
128,Control,4004.3
129,Control,5099.08
130,Control,5747.63
131,Control,6541.16
132,Control,3947.1
133,Control,5338.07
134,Control,4936.61
135,Control,4771.62
136,Control,4501.58
137,Control,5406.95
138,Control,5422.46
139,Control,4214.83
140,Control,4580.34
141,Control,4938.01
142,Control,3841.03
143,Control,4973.82
144,Control,4866.28
145,Control,4569.99
146,Control,4221.7
147,Control,6831.64
148,Control,4755.43
149,Control,4834.38
150,Control,3632.14
151,Control,4344.27
152,Control,5194.94
153,Control,4726.99
154,Control,4991.04
155,Control,5315.99
156,Control,4331.94
157,Control,5092.18
158,Control,5562.3
159,Control,5704.22
160,Control,6395.49
161,Control,4083.93
162,Control,4932.5
163,Control,5338.28
164,Control,4486.42
165,Control,5124.84
166,Control,3666.34
167,Control,5455.48
168,Control,4983.18
169,Control,5183.05
170,Control,4121.67
171,Control,5271.18
172,Control,4634.29
173,Control,4101.54
174,Control,4100.16
175,Control,4650.38
176,Control,6274.25
177,Control,4589.22
178,Control,3660
179,Control,3804.06
180,Control,5787.1
181,Control,4304.46
182,Control,3782.33
183,Control,5395.21
184,Control,3693.43
185,Control,5066.7
186,Control,4025.75
187,Control,5250.87
188,Control,5762.47
189,Control,5433.5
190,Control,5364.72
191,Control,5629.51
192,Control,4753.51
193,Control,5045.76
194,Control,4724.5
195,Control,4660.66
196,Control,6080.09
197,Control,5116.5
198,Control,4591.49
199,Control,5070.99
200,Control,5280.02
1,Treatment,4699.9
2,Treatment,4872.7
3,Treatment,4009.75
4,Treatment,4565.48
5,Treatment,3448.56
6,Treatment,4490.09
7,Treatment,4919.98
8,Treatment,4254.19
9,Treatment,3855.69
10,Treatment,4825.84
12,Treatment,4957
13,Treatment,4589.01
14,Treatment,5533.12
15,Treatment,3232.63
16,Treatment,3723.11
17,Treatment,5450.41
18,Treatment,3308.64
19,Treatment,3273.73
20,Treatment,5135.32
21,Treatment,4740.26
22,Treatment,4027.46
23,Treatment,4996.34
24,Treatment,5864.14
25,Treatment,5107.25
26,Treatment,4174.58
27,Treatment,4375.76
28,Treatment,3582.47
29,Treatment,5332.35
30,Treatment,4673.63
31,Treatment,4657.88
32,Treatment,4602.05
33,Treatment,3733.04
34,Treatment,4053.25
35,Treatment,4791.48
36,Treatment,4434.19
37,Treatment,5713.3
38,Treatment,4010.08
39,Treatment,5237.1
40,Treatment,5396.53
41,Treatment,3802.7
42,Treatment,4789.62
43,Treatment,4131.91
44,Treatment,4579.72
45,Treatment,4552.75
46,Treatment,3698.51
47,Treatment,3640.6
48,Treatment,3545.87
49,Treatment,3670.98
50,Treatment,3875.16
51,Treatment,3746.02
52,Treatment,3274.28
53,Treatment,5093.18
54,Treatment,3317.45
55,Treatment,3782.51
56,Treatment,4728.64
57,Treatment,4955.52
58,Treatment,4664.35
59,Treatment,4213.63
60,Treatment,4909.38
61,Treatment,3737.71
62,Treatment,3932.01
63,Treatment,5027.13
64,Treatment,5622.59
65,Treatment,4612.02
66,Treatment,5974.59
67,Treatment,5725.4
68,Treatment,5293.94
69,Treatment,5861.26
70,Treatment,4896.83
71,Treatment,3872.32
72,Treatment,4420.5
73,Treatment,5509.96
74,Treatment,4061.44
75,Treatment,4428.34
76,Treatment,4192.4
77,Treatment,5021.59
78,Treatment,5180.87
79,Treatment,3582.54
80,Treatment,3824.8
81,Treatment,3700.27
82,Treatment,4267.8
83,Treatment,4846.07
84,Treatment,6079.76
85,Treatment,4995.45
86,Treatment,3793.86
87,Treatment,5487.67
88,Treatment,4921.3
89,Treatment,5165.65
90,Treatment,4760.48
91,Treatment,3909.82
92,Treatment,3436.84
93,Treatment,6157.36
94,Treatment,4835.26
95,Treatment,4096.28
96,Treatment,3270.39
97,Treatment,4538.86
98,Treatment,4558.9
99,Treatment,4601.54
100,Control,3613.94
101,Control,3781.78
102,Control,5003.25
103,Control,3637.3
104,Control,4380.76
105,Control,5353.34
106,Control,4420.08
107,Control,3607.25
108,Control,4560.46
109,Control,5195.12
110,Control,5028.31
111,Control,3429.45
112,Control,3798.55
113,Control,4159.09
114,Control,3602.26
115,Control,4877.81
116,Control,3832.48
117,Control,5579.16
118,Control,4638.43
119,Control,3498.98
120,Control,3565.67
121,Control,3806.28
122,Control,4760.09
123,Control,3844.61
124,Control,4103.63
125,Control,5770.8
126,Control,4044.08
127,Control,4646.29
128,Control,3320.7
129,Control,3461.26
130,Control,4980.14
131,Control,4227.68
132,Control,3402.78
133,Control,5778.83
134,Control,3997.09
135,Control,4884.86
136,Control,4907.98
137,Control,5063.78
138,Control,4189.83
139,Control,3165.71
140,Control,3871.31
141,Control,4451.62
142,Control,3411.8
143,Control,4510.87
144,Control,3498.86
145,Control,4768.2
146,Control,3778.96
147,Control,5817.81
148,Control,4776.28
149,Control,3381.27
150,Control,3351.86
151,Control,4023.23
152,Control,4448.25
153,Control,3433.6
154,Control,3939.22
155,Control,4674.48
156,Control,3685.22
157,Control,4246.26
158,Control,4691.18
159,Control,5798.84
160,Control,4521.87
161,Control,3755.01
162,Control,4209.57
163,Control,4450.58
164,Control,3309.47
165,Control,3393.23
166,Control,3787.65
167,Control,5398.34
168,Control,5264.6
169,Control,4656.56
170,Control,4461.35
171,Control,3956.15
172,Control,4205.82
173,Control,4865.72
174,Control,5173.18
175,Control,4789.89
176,Control,5029.12
177,Control,4528.64
178,Control,4843.76
179,Control,3440.52
180,Control,4835.36
181,Control,5263.22
182,Control,3611.67
183,Control,4800.71
184,Control,3289.36
185,Control,5117.71
186,Control,4435.58
187,Control,5580.86
188,Control,3942.97
189,Control,4255.38
190,Control,4530.46
191,Control,3779.37
192,Control,4866.51
193,Control,4942.39
194,Control,3820.4
195,Control,4371.88
196,Control,4392.26
197,Control,3307.22
198,Control,3803.51
199,Control,4047.63
200,Control,5525.5
1,Treatment,4382.08
2,Treatment,4033.55
3,Treatment,3570.7
4,Treatment,4645.01
5,Treatment,3051.38
6,Treatment,3448.51
7,Treatment,4107.58
8,Treatment,3844.37
9,Treatment,2822.71
10,Treatment,5035.75
12,Treatment,4419.39
13,Treatment,5324.25
14,Treatment,4239.74
15,Treatment,3984.84
16,Treatment,4289.48
17,Treatment,4327.33
18,Treatment,4265.66
19,Treatment,2794.15
20,Treatment,4756.02
21,Treatment,3718.97
22,Treatment,3398.3
23,Treatment,3409.82
24,Treatment,3510.83
25,Treatment,4427.7
26,Treatment,3315.32
27,Treatment,4501.85
28,Treatment,4251
29,Treatment,5535.7
30,Treatment,3451.09
31,Treatment,5226.42
32,Treatment,3764.07
33,Treatment,2868.25
34,Treatment,3507.7
35,Treatment,4764.7
36,Treatment,4295.43
37,Treatment,4587.99
38,Treatment,3411.02
39,Treatment,3559.88
40,Treatment,5558.81
41,Treatment,3548.02
42,Treatment,3880.42
43,Treatment,3910.12
44,Treatment,5299.76
45,Treatment,3797.76
46,Treatment,2907.82
47,Treatment,3212.59
48,Treatment,3561.89
49,Treatment,3948.86
50,Treatment,4705.84
51,Treatment,3386.5
52,Treatment,3495.23
53,Treatment,4845.73
54,Treatment,3458.44
55,Treatment,4284.26
56,Treatment,4553.55
57,Treatment,5517.82
58,Treatment,4256.58
59,Treatment,2991.59
60,Treatment,3740.5
61,Treatment,4227.68
62,Treatment,3772.91
63,Treatment,4289.78
64,Treatment,3877.2
65,Treatment,3757.36
66,Treatment,3953.77
67,Treatment,3980.3
68,Treatment,3378.32
69,Treatment,4984.22
70,Treatment,3907.59
71,Treatment,3157.39
72,Treatment,3748.91
73,Treatment,5407.14
74,Treatment,5020.06
75,Treatment,4504.75
76,Treatment,3396.39
77,Treatment,5430.41
78,Treatment,3950.24
79,Treatment,4062.91
80,Treatment,4732.29
81,Treatment,4644.62
82,Treatment,3919.19
83,Treatment,5058.14
84,Treatment,4597.87
85,Treatment,3734.23
86,Treatment,4312.09
87,Treatment,5299.99
88,Treatment,4766.67
89,Treatment,4827.6
90,Treatment,3894.09
91,Treatment,3838.95
92,Treatment,3251.55
93,Treatment,5417.1
94,Treatment,3736.65
95,Treatment,4253.7
96,Treatment,3469.26
97,Treatment,4292.82
98,Treatment,3822.42
99,Treatment,3927.92
100,Control,4244.47
101,Control,4018.65
102,Control,3448.19
103,Control,3930.39
104,Control,3403.75
105,Control,4713.15
106,Control,4484.91
107,Control,4268.63
108,Control,4322.96
109,Control,5208.14
110,Control,3807.55
111,Control,4073.23
112,Control,2682.31
113,Control,3325.54
114,Control,3828.76
115,Control,4211.59
116,Control,3738.19
117,Control,4321.43
118,Control,3618.32
119,Control,3262.63
120,Control,3717.74
121,Control,3481.38
122,Control,4650.89
123,Control,3536.67
124,Control,3985.83
125,Control,5015.99
126,Control,4897.46
127,Control,4237.52
128,Control,2715.24
129,Control,4164.31
130,Control,3746.13
131,Control,5316.39
132,Control,3546.55
133,Control,4626.91
134,Control,3772.47
135,Control,4247.45
136,Control,3796.5
137,Control,4132.88
138,Control,3546.29
139,Control,3565.56
140,Control,4091.79
141,Control,4376.91
142,Control,2839.51
143,Control,3160.32
144,Control,3835.67
145,Control,3183.15
146,Control,4005.27
147,Control,5479.25
148,Control,4515.43
149,Control,3726.62
150,Control,2617.65
151,Control,3303.98
152,Control,4098.25
153,Control,3454.57
154,Control,4544.88
155,Control,3588.49
156,Control,3488.78
157,Control,3244.11
158,Control,4247.19
159,Control,3936.68
160,Control,3496.04
161,Control,3556.07
162,Control,3209.7
163,Control,3822.89
164,Control,3446.03
165,Control,4027.18
166,Control,2858.22
167,Control,3766.01
168,Control,4796.58
169,Control,5355.83
170,Control,4170.3
171,Control,4047.7
172,Control,4353.22
173,Control,4003.24
174,Control,3305.03
175,Control,3402.95
176,Control,5506.53
177,Control,4374.29
178,Control,3190.34
179,Control,4160.33
180,Control,3870.79
181,Control,3878.62
182,Control,3651.2
183,Control,3800.52
184,Control,3309.87
185,Control,4582.7
186,Control,3603.68
187,Control,3488.71
188,Control,3182.86
189,Control,3860.45
190,Control,3432.72
191,Control,3977.44
192,Control,4204.74
193,Control,3786.66
194,Control,3963.06
195,Control,3308.71
196,Control,4554.36
197,Control,3530.98
198,Control,2813.42
199,Control,3700.23
200,Control,3916.05
1,Treatment,3041.87
2,Treatment,3539.58
3,Treatment,2818.54
4,Treatment,3812.09
5,Treatment,3389.01
6,Treatment,2758.68
7,Treatment,3773.13
8,Treatment,4002.8
9,Treatment,3653.91
10,Treatment,3802.12
12,Treatment,3124.04
13,Treatment,3361.09
14,Treatment,3001.73
15,Treatment,3323.74
16,Treatment,3612.34
17,Treatment,4454.15
18,Treatment,2841.87
19,Treatment,2942.57
20,Treatment,4068.54
21,Treatment,3161.58
22,Treatment,2483.51
23,Treatment,3386.89
24,Treatment,4782.61
25,Treatment,3522.69
26,Treatment,3414.05
27,Treatment,4011.55
28,Treatment,3290.89
29,Treatment,4806.12
30,Treatment,3004.34
31,Treatment,3467.26
32,Treatment,3795.05
33,Treatment,3709.41
34,Treatment,3026.36
35,Treatment,4258.72
36,Treatment,3979.71
37,Treatment,4474.61
38,Treatment,4062.83
39,Treatment,3466.58
40,Treatment,3649.06
41,Treatment,4234.36
42,Treatment,4809.21
43,Treatment,4271.05
44,Treatment,4178.23
45,Treatment,3680.76
46,Treatment,2604.36
47,Treatment,3860.15
48,Treatment,3623.82
49,Treatment,2905.1
50,Treatment,4016.57
51,Treatment,3586.43
52,Treatment,3590.33
53,Treatment,3885.48
54,Treatment,2624.36
55,Treatment,3712.06
56,Treatment,4103.74
57,Treatment,4651.88
58,Treatment,3738.23
59,Treatment,3404.47
60,Treatment,3551.63
61,Treatment,2728.61
62,Treatment,2946.36
63,Treatment,3509.38
64,Treatment,4816.84
65,Treatment,4121.27
66,Treatment,4865.13
67,Treatment,4336.92
68,Treatment,4045.84
69,Treatment,4642.73
70,Treatment,3337.27
71,Treatment,2774.2
72,Treatment,3265.53
73,Treatment,3689.85
74,Treatment,4702.75
75,Treatment,2840.25
76,Treatment,3601.21
77,Treatment,5119.8
78,Treatment,4183.38
79,Treatment,3234.87
80,Treatment,3771.25
81,Treatment,3618.63
82,Treatment,3969.62
83,Treatment,3552.67
84,Treatment,4817.81
85,Treatment,3684.05
86,Treatment,3057.82
87,Treatment,4216.28
88,Treatment,3183.22
89,Treatment,3028.41
90,Treatment,4026.76
91,Treatment,2930.59
92,Treatment,2698.92
93,Treatment,4570.54
94,Treatment,2721.79
95,Treatment,3002.69
96,Treatment,3874.33
97,Treatment,3232.38
98,Treatment,3894.95
99,Treatment,3704.11
100,Control,3453.19
101,Control,2898.08
102,Control,4375.79
103,Control,2537.1
104,Control,3387.47
105,Control,4517.83
106,Control,3355.68
107,Control,2485.54
108,Control,3329.15
109,Control,3724.13
110,Control,3935.61
111,Control,3455.98
112,Control,2632.13
113,Control,3671.03
114,Control,3602.87
115,Control,4514.74
116,Control,2970.7
117,Control,4491.15
118,Control,3794.52
119,Control,3090.96
120,Control,3904.65
121,Control,2333.63
122,Control,4032.87
123,Control,4703.98
124,Control,3717.06
125,Control,4966.7
126,Control,3898.54
127,Control,4699.73
128,Control,2420.79
129,Control,3526.29
130,Control,3773.09
131,Control,3668.62
132,Control,2660.66
133,Control,4253.25
134,Control,3537.96
135,Control,3478.43
136,Control,3866.75
137,Control,4527.24
138,Control,4642.79
139,Control,2890.41
140,Control,4277.36
141,Control,3929.19
142,Control,3754.71
143,Control,3151.27
144,Control,3084.6
145,Control,2753.5
146,Control,3278.83
147,Control,4661.31
148,Control,4364.98
149,Control,3402.02
150,Control,2285.69
151,Control,3579.96
152,Control,4038.56
153,Control,3719.41
154,Control,4433.81
155,Control,4102.67
156,Control,3692.42
157,Control,3791.5
158,Control,4309.48
159,Control,4164.07
160,Control,3796.34
161,Control,3322.8
162,Control,3355.33
163,Control,3443.94
164,Control,2575.01
165,Control,4055.27
166,Control,2757.83
167,Control,3919.75
168,Control,4630.82
169,Control,4481.13
170,Control,3257.33
171,Control,3071.52
172,Control,4577.99
173,Control,4276.69
174,Control,3736.37
175,Control,4536.34
176,Control,4652.07
177,Control,3404.23
178,Control,2959.98
179,Control,4153.2
180,Control,3360.07
181,Control,3519.08
182,Control,2943.14
183,Control,4030.6
184,Control,3300
185,Control,3407.78
186,Control,2724.17
187,Control,3939.96
188,Control,4209.72
189,Control,2684.37
190,Control,2974.13
191,Control,3685.93
192,Control,3602.46
193,Control,4312.8
194,Control,2724.81
195,Control,3416.91
196,Control,4047.25
197,Control,3768.5
198,Control,3505.11
199,Control,4040.91
200,Control,3457.56
1,Treatment,4275.58
2,Treatment,3813.52
3,Treatment,2857.59
4,Treatment,3370.65
5,Treatment,2985.26
6,Treatment,3326.04
7,Treatment,4130.81
8,Treatment,4504.81
9,Treatment,3026.55
10,Treatment,3968.77
12,Treatment,3240.23
13,Treatment,4923.4
14,Treatment,3709.47
15,Treatment,2675.66
16,Treatment,3240.31
17,Treatment,3643.34
18,Treatment,3090.93
19,Treatment,3696.96
20,Treatment,3811.81
21,Treatment,4048.86
22,Treatment,3240.48
23,Treatment,4475.92
24,Treatment,4512.79
25,Treatment,3806.24
26,Treatment,3104.24
27,Treatment,2973.22
28,Treatment,2847.01
29,Treatment,3652.16
30,Treatment,3946.4
31,Treatment,4714.41
32,Treatment,3417.53
33,Treatment,3161.81
34,Treatment,2788.42
35,Treatment,3174.48
36,Treatment,3600.43
37,Treatment,5042.64
38,Treatment,3145.64
39,Treatment,4387.85
40,Treatment,5001.46
41,Treatment,3642.41
42,Treatment,4475.6
43,Treatment,4153.53
44,Treatment,3689.9
45,Treatment,3211.28
46,Treatment,2533.16
47,Treatment,4390.66
48,Treatment,3525.88
49,Treatment,2614.94
50,Treatment,3447.13
51,Treatment,3894.62
52,Treatment,2987.95
53,Treatment,3763.44
54,Treatment,4051.77
55,Treatment,3925.11
56,Treatment,4648.43
57,Treatment,5044.65
58,Treatment,4290.02
59,Treatment,2942.37
60,Treatment,4139.06
61,Treatment,3347.22
62,Treatment,3491.49
63,Treatment,3790.9
64,Treatment,3317.62
65,Treatment,3950.12
66,Treatment,4380.88
67,Treatment,5191.14
68,Treatment,3702.08
69,Treatment,3478.79
70,Treatment,4325.63
71,Treatment,4117.18
72,Treatment,3304.23
73,Treatment,4850.68
74,Treatment,4092.08
75,Treatment,3046.56
76,Treatment,2503.78
77,Treatment,3557.1
78,Treatment,3423.69
79,Treatment,3672.27
80,Treatment,2840.19
81,Treatment,3155.22
82,Treatment,4456.79
83,Treatment,3820.33
84,Treatment,3878.23
85,Treatment,3544.27
86,Treatment,3083.57
87,Treatment,4850.77
88,Treatment,4186.8
89,Treatment,4309.1
90,Treatment,4953.79
91,Treatment,4104.15
92,Treatment,3471.42
93,Treatment,4134.67
94,Treatment,3962.31
95,Treatment,3523.18
96,Treatment,2982.89
97,Treatment,4375.2
98,Treatment,4436.87
99,Treatment,3630.91
100,Control,3596.47
101,Control,3679.07
102,Control,4133.55
103,Control,3311.63
104,Control,4167.28
105,Control,4076.31
106,Control,3813.87
107,Control,3091.42
108,Control,3536.96
109,Control,3367.66
110,Control,3596.69
111,Control,2573.15
112,Control,3570.99
113,Control,3271.44
114,Control,3282.5
115,Control,3536.9
116,Control,4338.76
117,Control,4308.96
118,Control,3710.99
119,Control,3398.47
120,Control,3383.08
121,Control,3133.07
122,Control,4399.68
123,Control,3245.01
124,Control,3560.47
125,Control,4976.02
126,Control,4333.45
127,Control,4450.09
128,Control,3709.03
129,Control,3795.4
130,Control,3869.21
131,Control,3576.39
132,Control,3405.7
133,Control,3510.78
134,Control,3978.67
135,Control,4130.93
136,Control,3725.4
137,Control,3616.05
138,Control,4550.64
139,Control,2958.34
140,Control,3822.04
141,Control,3975.84
142,Control,2494.28
143,Control,3327.65
144,Control,2639.94
145,Control,3492.6
146,Control,3504.78
147,Control,3664.09
148,Control,3254.45
149,Control,2883.75
150,Control,3157.17
151,Control,2520.04
152,Control,3034.94
153,Control,3637.64
154,Control,3047.8
155,Control,3933.46
156,Control,3140.12
157,Control,3916.24
158,Control,4083.7
159,Control,4999.6
160,Control,4087.83
161,Control,3606.59
162,Control,2844.61
163,Control,3591.77
164,Control,3615.5
165,Control,3629.5
166,Control,3147.19
167,Control,4163.63
168,Control,3262.95
169,Control,4212.04
170,Control,3181.21
171,Control,4088.22
172,Control,3311.25
173,Control,3403.66
174,Control,3195.49
175,Control,4112.63
176,Control,5185.23
177,Control,3666.02
178,Control,2785.25
179,Control,3799.68
180,Control,3208.21
181,Control,3602.07
182,Control,4217.61
183,Control,4689.79
184,Control,2644.98
185,Control,4491.6
186,Control,3617.62
187,Control,3462.66
188,Control,3047.92
189,Control,3278.7
190,Control,3989.54
191,Control,4197.28
192,Control,3139.22
193,Control,4219.92
194,Control,3274.74
195,Control,2968.72
196,Control,3529.96
197,Control,3877.27
198,Control,3400.76
199,Control,3407.33
200,Control,3832.65
1,Treatment,3604.58
2,Treatment,2867.72
3,Treatment,3977.87
4,Treatment,4058.12
5,Treatment,3662.11
6,Treatment,2932.73
7,Treatment,3818.64
8,Treatment,4163.47
9,Treatment,3645.13
10,Treatment,3237.61
12,Treatment,4206.48
13,Treatment,4956.85
14,Treatment,3457.59
15,Treatment,3751.29
16,Treatment,3236.14
17,Treatment,4842.63
18,Treatment,4065.09
19,Treatment,3470.04
20,Treatment,4520.98
21,Treatment,4883.62
22,Treatment,3675.2
23,Treatment,4217.97
24,Treatment,3393.79
25,Treatment,4139.72
26,Treatment,2853.16
27,Treatment,4002.56
28,Treatment,2550.22
29,Treatment,4123.22
30,Treatment,2725.21
31,Treatment,3556.83
32,Treatment,2790.59
33,Treatment,2699.81
34,Treatment,3513.92
35,Treatment,4032.5
36,Treatment,3858.29
37,Treatment,3139.43
38,Treatment,2852.63
39,Treatment,3554.54
40,Treatment,3647.21
41,Treatment,3579.53
42,Treatment,3192.8
43,Treatment,4243.89
44,Treatment,4422.35
45,Treatment,3370.87
46,Treatment,3468.36
47,Treatment,3133.04
48,Treatment,3484.43
49,Treatment,2305.94
50,Treatment,4281.11
51,Treatment,3165.64
52,Treatment,2401.96
53,Treatment,3446.43
54,Treatment,2862.28
55,Treatment,3203.29
56,Treatment,4220.43
57,Treatment,4473.07
58,Treatment,3946.32
59,Treatment,2935.94
60,Treatment,4278.08
61,Treatment,2431.46
62,Treatment,3253.21
63,Treatment,3229.99
64,Treatment,3513.73
65,Treatment,3170.27
66,Treatment,3230.55
67,Treatment,4533.57
68,Treatment,3126.05
69,Treatment,3532.9
70,Treatment,4504.58
71,Treatment,2582.59
72,Treatment,2466.25
73,Treatment,3954.72
74,Treatment,2865.64
75,Treatment,2929.5
76,Treatment,2307.51
77,Treatment,3383.45
78,Treatment,2775.02
79,Treatment,2786.68
80,Treatment,3673.39
81,Treatment,4115.44
82,Treatment,3023.97
83,Treatment,2998.51
84,Treatment,3094.91
85,Treatment,3265.94
86,Treatment,3276
87,Treatment,3601.67
88,Treatment,4325.63
89,Treatment,3404.43
90,Treatment,4635.04
91,Treatment,3022.03
92,Treatment,2746.43
93,Treatment,4359.58
94,Treatment,3519.24
95,Treatment,3960.88
96,Treatment,3487.88
97,Treatment,3534.37
98,Treatment,3824.49
99,Treatment,2908.37
100,Control,3135.19
101,Control,3627.2
102,Control,3114.96
103,Control,3008.74
104,Control,3857.58
105,Control,4268.75
106,Control,4558.74
107,Control,3185.37
108,Control,2905.99
109,Control,4430.33
110,Control,3035.98
111,Control,3146.91
112,Control,2421.57
113,Control,3589.47
114,Control,3552.99
115,Control,3636.75
116,Control,2869
117,Control,3493.1
118,Control,2609.3
119,Control,3888.97
120,Control,3490.72
121,Control,3552.59
122,Control,3239.11
123,Control,3658.83
124,Control,4398.04
125,Control,4904.34
126,Control,4370.16
127,Control,4153.26
128,Control,3907.71
129,Control,3360.99
130,Control,3728.09
131,Control,4866.91
132,Control,3119.41
133,Control,3314.52
134,Control,3260.81
135,Control,3653.9
136,Control,3140.15
137,Control,3632.16
138,Control,5000.16
139,Control,3815.38
140,Control,4344.31
141,Control,3627.98
142,Control,3135.2
143,Control,2982.15
144,Control,3563.9
145,Control,3099.92
146,Control,2901.02
147,Control,3854.44
148,Control,4498.51
149,Control,3271.42
150,Control,3692.38
151,Control,3310.42
152,Control,3889.09
153,Control,2944.46
154,Control,3456.86
155,Control,3438.14
156,Control,2633.89
157,Control,4407.47
158,Control,4014.61
159,Control,3588.9
160,Control,3713.8
161,Control,3790.89
162,Control,3792.75
163,Control,4062.11
164,Control,3251.86
165,Control,3300.51
166,Control,3558.49
167,Control,4344.46
168,Control,3724.77
169,Control,4916.96
170,Control,3351.99
171,Control,4451.97
172,Control,3099.01
173,Control,2622.43
174,Control,3576.97
175,Control,3262.37
176,Control,4798.13
177,Control,4874.87
178,Control,3355.76
179,Control,2602.35
180,Control,4483.37
181,Control,2980.03
182,Control,3516.3
183,Control,4002.68
184,Control,2361.85
185,Control,3638.76
186,Control,2980.31
187,Control,3129.34
188,Control,3882.29
189,Control,3129.01
190,Control,3234.94
191,Control,3362.96
192,Control,3538.45
193,Control,3136.96
194,Control,3653.29
195,Control,3149.11
196,Control,3880.55
197,Control,3249.77
198,Control,2695.82
199,Control,4509.37
200,Control,4265.31
1,Treatment,3813.68
2,Treatment,3242.7
3,Treatment,3396.3
4,Treatment,3330.79
5,Treatment,3129.54
6,Treatment,2803.89
7,Treatment,3798.96
8,Treatment,4632.17
9,Treatment,2311.56
10,Treatment,3034.59
12,Treatment,2694.75
13,Treatment,3329.12
14,Treatment,3711.86
15,Treatment,3051.98
16,Treatment,4102.67
17,Treatment,3964.09
18,Treatment,3040.87
19,Treatment,2515.38
20,Treatment,4419.62
21,Treatment,4416.61
22,Treatment,3564.03
23,Treatment,4295.64
24,Treatment,4709.93
25,Treatment,4207.55
26,Treatment,2749.41
27,Treatment,3188.6
28,Treatment,3262.05
29,Treatment,4282.78
30,Treatment,2473.23
31,Treatment,3563.18
32,Treatment,2934.76
33,Treatment,3186.02
34,Treatment,3245.59
35,Treatment,2790.61
36,Treatment,3066.81
37,Treatment,3014.66
38,Treatment,2711.66
39,Treatment,4133.49
40,Treatment,3907.94
41,Treatment,3328.7
42,Treatment,4473.02
43,Treatment,3161.44
44,Treatment,3889.99
45,Treatment,3570.12
46,Treatment,2991.08
47,Treatment,3623.35
48,Treatment,2700.58
49,Treatment,2696.52
50,Treatment,3220.85
51,Treatment,2694.43
52,Treatment,2600.31
53,Treatment,3147.4
54,Treatment,2693.28
55,Treatment,2519.8
56,Treatment,4141.01
57,Treatment,3866.52
58,Treatment,4430.07
59,Treatment,3024.09
60,Treatment,2959.49
61,Treatment,3633.12
62,Treatment,2744.55
63,Treatment,3080.36
64,Treatment,4022.89
65,Treatment,3079.13
66,Treatment,4199.53
67,Treatment,4998.55
68,Treatment,3854.72
69,Treatment,4429.49
70,Treatment,4564.35
71,Treatment,3542.43
72,Treatment,3045.32
73,Treatment,3734.75
74,Treatment,3516.41
75,Treatment,2573.07
76,Treatment,3053.64
77,Treatment,3388.2
78,Treatment,3390.21
79,Treatment,2757.93
80,Treatment,3671.82
81,Treatment,3768.65
82,Treatment,3795.98
83,Treatment,3074.44
84,Treatment,3962.01
85,Treatment,3186.99
86,Treatment,3584.05
87,Treatment,3096.24
88,Treatment,4521.27
89,Treatment,2778
90,Treatment,3634.4
91,Treatment,3391.82
92,Treatment,3302.59
93,Treatment,3292.38
94,Treatment,2609.38
95,Treatment,3302.56
96,Treatment,3122.44
97,Treatment,2791.92
98,Treatment,4136.57
99,Treatment,2751.01
100,Control,3363.75
101,Control,3841.03
102,Control,3249.56
103,Control,2422.55
104,Control,3287.88
105,Control,2867.57
106,Control,3756.04
107,Control,2731.52
108,Control,2651.06
109,Control,3196.46
110,Control,4341.24
111,Control,2338.73
112,Control,3422.61
113,Control,4234.44
114,Control,3693.24
115,Control,4433.31
116,Control,4170.92
117,Control,3190.87
118,Control,3251.67
119,Control,2896.71
120,Control,3044.32
121,Control,2292.56
122,Control,4612.35
123,Control,3395.96
124,Control,4086.57
125,Control,3316.62
126,Control,4010.73
127,Control,4575.83
128,Control,2393.7
129,Control,3697.73
130,Control,2608.95
131,Control,4868.26
132,Control,2526.5
133,Control,3022.7
134,Control,2615.96
135,Control,2650.29
136,Control,4323.58
137,Control,3541.43
138,Control,3505.66
139,Control,2279.39
140,Control,2940.54
141,Control,3150.56
142,Control,2863.17
143,Control,3412.31
144,Control,3187.29
145,Control,3815.83
146,Control,3587.04
147,Control,3149.78
148,Control,3339.08
149,Control,2502.72
150,Control,2939.17
151,Control,2773.63
152,Control,2573.55
153,Control,2400.64
154,Control,4294.87
155,Control,4894.5
156,Control,2548.78
157,Control,2780.18
158,Control,4420.4
159,Control,4820.74
160,Control,3144.54
161,Control,3022.72
162,Control,2420.87
163,Control,3019.99
164,Control,3839.75
165,Control,3759.66
166,Control,2755
167,Control,3156.19
168,Control,4087.38
169,Control,4891.79
170,Control,3280.11
171,Control,4021.94
172,Control,3423.62
173,Control,2713.23
174,Control,3477.55
175,Control,3282.88
176,Control,3397.79
177,Control,4090.73
178,Control,3888.49
179,Control,3716.95
180,Control,4105.49
181,Control,3495.04
182,Control,2953.74
183,Control,3523.45
184,Control,3597.61
185,Control,3917.65
186,Control,3400.72
187,Control,4173.86
188,Control,3685.57
189,Control,3678.18
190,Control,4073.38
191,Control,4092.48
192,Control,3750.35
193,Control,3967.23
194,Control,2678.32
195,Control,3148.21
196,Control,3574.86
197,Control,3543.38
198,Control,3117.01
199,Control,3499.61
200,Control,4269.92
1,Treatment,4765.97
2,Treatment,4493.7
3,Treatment,3557.07
4,Treatment,4833.51
5,Treatment,3136.89
6,Treatment,2921.61
7,Treatment,4081.16
8,Treatment,3558.09
9,Treatment,2945.28
10,Treatment,3679.57
12,Treatment,3828.59
13,Treatment,5211.5
14,Treatment,3358.6
15,Treatment,2920.43
16,Treatment,4225.9
17,Treatment,4716.35
18,Treatment,3110.75
19,Treatment,3791.84
20,Treatment,4615.46
21,Treatment,3395.8
22,Treatment,3732.02
23,Treatment,3682.38
24,Treatment,5037.24
25,Treatment,3654.14
26,Treatment,3853.13
27,Treatment,4647.43
28,Treatment,3830.75
29,Treatment,4138.13
30,Treatment,3258.86
31,Treatment,5190.18
32,Treatment,4229.26
33,Treatment,2842.46
34,Treatment,3921.26
35,Treatment,3807.91
36,Treatment,4597.63
37,Treatment,4585.55
38,Treatment,3846.62
39,Treatment,4830.59
40,Treatment,4419.13
41,Treatment,3619.66
42,Treatment,4361.64
43,Treatment,4486.84
44,Treatment,5100.46
45,Treatment,3335.63
46,Treatment,2780.67
47,Treatment,3403.5
48,Treatment,3193.84
49,Treatment,3522.59
50,Treatment,4973.15
51,Treatment,3508.28
52,Treatment,3654.16
53,Treatment,4977.57
54,Treatment,4148.73
55,Treatment,4253.89
56,Treatment,4974.06
57,Treatment,3894.07
58,Treatment,5077.61
59,Treatment,3223.34
60,Treatment,4855.45
61,Treatment,3553.4
62,Treatment,4342.01
63,Treatment,4299.37
64,Treatment,4052.9
65,Treatment,3983.39
66,Treatment,4986.59
67,Treatment,3951.18
68,Treatment,3954.57
69,Treatment,4975.72
70,Treatment,4699.7
71,Treatment,3519.63
72,Treatment,3750.54
73,Treatment,3734.01
74,Treatment,3752.22
75,Treatment,4077.35
76,Treatment,4071.61
77,Treatment,4720.44
78,Treatment,4663.42
79,Treatment,3582.81
80,Treatment,3360.26
81,Treatment,4416.38
82,Treatment,3605.23
83,Treatment,4308.44
84,Treatment,3847.8
85,Treatment,4603.05
86,Treatment,3790.42
87,Treatment,4257.05
88,Treatment,4377.09
89,Treatment,3393.69
90,Treatment,4942.71
91,Treatment,4505.82
92,Treatment,3444.1
93,Treatment,5199.27
94,Treatment,3527.77
95,Treatment,3255.14
96,Treatment,3562.92
97,Treatment,4173.71
98,Treatment,3632.1
99,Treatment,4266.19
100,Control,3529.34
101,Control,3189.68
102,Control,3610.18
103,Control,3740.1
104,Control,3580.94
105,Control,4392.27
106,Control,3687.34
107,Control,3418.68
108,Control,4370.52
109,Control,4375.22
110,Control,3268.32
111,Control,3684.95
112,Control,3457.95
113,Control,4357.01
114,Control,4124.94
115,Control,4018.17
116,Control,4271.13
117,Control,4135.61
118,Control,3866.18
119,Control,3913.61
120,Control,3134.47
121,Control,3216.5
122,Control,3290.64
123,Control,4902.51
124,Control,4404.23
125,Control,5272.22
126,Control,4130.08
127,Control,3786.8
128,Control,3439.38
129,Control,2967.37
130,Control,3958.11
131,Control,3841.78
132,Control,2590.48
133,Control,4138.01
134,Control,3110.13
135,Control,2956.68
136,Control,4656.2
137,Control,4063.35
138,Control,4883
139,Control,3557.62
140,Control,3422.31
141,Control,4340.96
142,Control,3601.78
143,Control,3642.54
144,Control,3783.49
145,Control,3278.1
146,Control,2664.51
147,Control,4311.52
148,Control,3218.86
149,Control,3232.57
150,Control,3678.09
151,Control,3685.67
152,Control,3822.69
153,Control,3267.25
154,Control,3596.67
155,Control,3674.53
156,Control,2887.82
157,Control,3846.93
158,Control,4165.66
159,Control,3672.59
160,Control,3985.8
161,Control,3459.4
162,Control,3398.88
163,Control,4012.05
164,Control,3026.44
165,Control,2981.5
166,Control,3548.51
167,Control,3765.68
168,Control,4020.63
169,Control,4473.86
170,Control,3896.59
171,Control,3585.82
172,Control,5044.01
173,Control,4011.39
174,Control,4641.22
175,Control,4229.17
176,Control,5533.89
177,Control,5340.02
178,Control,4375.14
179,Control,4190.85
180,Control,3656.54
181,Control,4214.47
182,Control,4074.98
183,Control,4415.25
184,Control,3883.36
185,Control,4385.47
186,Control,4082.63
187,Control,3689.89
188,Control,4283.62
189,Control,3957.63
190,Control,4388.93
191,Control,3560.06
192,Control,4133.56
193,Control,3460.89
194,Control,3587.86
195,Control,3099.86
196,Control,3930.22
197,Control,2907.89
198,Control,2924.72
199,Control,3738.89
200,Control,4597.12
